Model,Dataset,QWK,MAE,RMSE,n_samples
Gemini-2.5-Flash,ASAP_AES,0.9227715334255298,1.9992295839753467,3.6813568544324013,1298
