Model,Dataset,QWK,MAE,RMSE,n_samples
Gemini-2.5-Flash,ASAP_AES,0.9229874000218248,1.99768875192604,3.691597087994903,1298
